CandidateID	BracketID	SlateID	LastName	FirstName	AffiliateCommittee	HeadOfSlate	Address1	Address2	City	State	Zip	FileDate	Sequence	CandidateStatus	StatusDate	WebSiteAddress	ElecDate	ElectionType	PartyName	PartySequence	OfficeName	BallotGroup	OfficeSequence	FormerName	EmailAddress
23330	0	0	BUTCHER	MATT	SANGAMON	False	609 BURBERRY LANE		ROCHESTER	IL	62563	12/19/2016 04:31 PM	0	Active	12/19/2016		4/4/2017	CE		999	MENARD/SANGAMON SCHOOL TRUSTEES	S 	240		
23329	0	0	PETERMEYER	RICHARD A. (RICK)	SANGAMON	False	3504 SANDPIPER DRIVE		SPRINGFIELD	IL	62711-6722	12/19/2016 03:04 PM	0	Active	12/19/2016		4/4/2017	CE		999	MENARD/SANGAMON SCHOOL TRUSTEES	S 	240		
23328	0	0	STANFORD	CATHY	JEFFERSON	False	6449 E. IL HIGHWAY 15		WOODLAWN	IL	62898	12/19/2016 02:11 PM	0	Active	12/19/2016		4/4/2017	CE		999	CLINTON/JEFFERSON/MARION/WASHINGTON SCHOOL TRUSTEES	S 	110		
23327	0	0	LEWIS	JAY	JEFFERSON	False	905 BLUEBERRY HILL		MT. VERNON	IL	62864	12/19/2016 02:09 PM	0	Active	12/19/2016		4/4/2017	CE		999	CLINTON/JEFFERSON/MARION/WASHINGTON SCHOOL TRUSTEES	S 	110		
23325	0	0	SPANGLER	DAN	JEFFERSON	False	607 CASEY STREET		WOODLAWN	IL	62898	12/19/2016 02:06 PM	0	Active	12/19/2016		4/4/2017	CE		999	CLINTON/JEFFERSON/MARION/WASHINGTON SCHOOL TRUSTEES	S 	110		
23323	0	0	NIERMANN	DENNIS	WASHINGTON	False	976 SOUTH HEAMAN		NASHVILLE	IL	62263	12/19/2016 02:03 PM	0	Active	12/19/2016		4/4/2017	CE		999	CLINTON/JEFFERSON/MARION/WASHINGTON SCHOOL TRUSTEES	S 	110		
23326	0	0	BRICKMAN	GARY K.	ADAMS	False	720 N2400 AVE		URSA	IL	62376	12/19/2016 02:02 PM	0	Active	12/19/2016		4/4/2017	CE		999	ADAMS/BROWN/CASS/MORGAN/PIKE/SCOTT SCHOOL TRUSTEES	S 	10		
23324	0	0	CARLS	DREW	CASS	False	1202 BOULEVARD RD		ARENZVILLE	IL	62611	12/19/2016 02:00 PM	0	Active	12/19/2016		4/4/2017	CE		999	ADAMS/BROWN/CASS/MORGAN/PIKE/SCOTT SCHOOL TRUSTEES	S 	10		
23322	0	0	HYDE	BLAKE	MARION	False	101 EAST EFFINGHAM		PATOKA	IL	62875	12/19/2016 01:59 PM	0	Active	12/19/2016		4/4/2017	CE		999	CLINTON/JEFFERSON/MARION/WASHINGTON SCHOOL TRUSTEES	S 	110		
23320	0	0	MIKEWORTH	SHEILA G.	CRAWFORD	False	13062 E. 1550TH AVE.		HUTSONVILLE	IL	62433	12/19/2016 01:36 PM	0	Active	12/19/2016		4/4/2017	CE		999	CLAY/CRAWFOD/JASPER/LAWRENCE/RICHLAND	S 	100		
23321	0	0	LaROCHE-NEW	JULIA	LAWRENCE	False	12291 PINKSTAFF LN		LAWRENCEVILLE	IL	62439	12/19/2016 01:35 PM	0	Active	12/19/2016		4/4/2017	CE		999	CLAY/CRAWFOD/JASPER/LAWRENCE/RICHLAND - 2 YEAR TERM	S 	107		
23314	0	0	HASKEN	RANDY	CARROLL	False	31556 HARVEST ROAD		LANARK	IL	61046	12/19/2016 01:11 PM	0	Active	12/19/2016		4/4/2017	CE		999	CARROLL/JODAVIESS/STEPHENSON SCHOOL TRUSTEES	S 	70		
23313	0	0	FRISBIE	JIM	STEPHENSON	False	2217 IL RTE 26 N.		FREEPORT	IL	61032	12/19/2016 01:11 PM	0	Active	12/19/2016		4/4/2017	CE		999	CARROLL/JODAVIESS/STEPHENSON SCHOOL TRUSTEES	S 	70		
23316	0	0	KNAPP	SARAH	STEPHENSON	False	1747 PARKVIEW DRIVE		FREEPORT	IL	61032	12/19/2016 01:09 PM	0	Active	12/19/2016		4/4/2017	CE		999	CARROLL/JODAVIESS/STEPHENSON SCHOOL TRUSTEES	S 	70		
23315	0	0	SIRGANY	KAREN	JO DAVIESS	False	1306 N. MAMMOSER ROAD		STOKTON	IL	61085	12/19/2016 01:09 PM	0	Active	12/19/2016		4/4/2017	CE		999	CARROLL/JODAVIESS/STEPHENSON SCHOOL TRUSTEES	S 	70		
23318	0	0	DAVIS	DANIEL	JO DAVIESS	False	1360 W. CHARLES MOUND ROAD		SCALES MOUND	IL	61075	12/19/2016 01:08 PM	0	Active	12/19/2016		4/4/2017	CE		999	CARROLL/JODAVIESS/STEPHENSON SCHOOL TRUSTEES	S 	70		
23317	0	0	BAZZELL	STEVE	CARROLL	False	949 STOVER AVENUE		MILLEDGEVILLE	IL	61051	12/19/2016 01:08 PM	0	Active	12/19/2016		4/4/2017	CE		999	CARROLL/JODAVIESS/STEPHENSON SCHOOL TRUSTEES	S 	70		
23319	0	0	STOCHL	"CHRISTINE ""CHRIS"""		False	24 N.LAKE AVENUE		FOX LAKE	IL	60020	12/19/2016 01:07 PM	0	Active	12/19/2016		4/4/2017	CE		999	FOX WATERWAY AGENCY - LAKE COUNTY	T 	20		
23312	0	0	HORTIN	MICHAEL	MACON	False	6695 MCKINLEY RD		DECATUR	IL	62526	12/19/2016 12:08 PM	0	Active	12/19/2016		4/4/2017	CE		999	MACON/PIATT - 4 YEAR TERM	S 	213		
23311	0	0	BERTSCHE	CRAIG	MCLEAN	False	2505 PINEY RUN		BLOOMINGTON	IL	61705	12/19/2016 10:45 AM	0	Active	12/19/2016		4/4/2017	CE		999	DEWITT/LIVINGSTON/LOGAN/MCLEAN	S 	120		
23310	0	0	PHELPS	ROBERT	WINNEBAGO	False	13781 EUNICE LN		ROCKTON	IL	61072	12/16/2016 12:34 PM	0	Active	12/16/2016		4/4/2017	CE		999	BOONE/WINNEBAGO SCHOOL TRUSTEES	S 	40		
23309	0	0	WASCHER	MARK	SHELBY	False	202 W S 3RD		STEWARDSON	IL	62463	12/16/2016 12:30 PM	0	Active	12/16/2016		4/4/2017	CE		999	CLARK/COLES/CUMBERLAND ETC SCHOOL TRUSTEES - 2 YEAR TERM	S 	97		
23308	0	0	MANUELL	RICHARD	CLARK	False	3 LAKEVIEW DRIVE		MARSHALL	IL	62441	12/16/2016 12:25 PM	0	Active	12/16/2016		4/4/2017	CE		999	CLARK/COLES/CUMBERLAND ETC SCHOOL TRUSTEES	S 	90		
23307	0	0	HILL	WILLIAM	COLES	False	2 DEERFIELD LANE		CHARLESTON	IL	61920	12/16/2016 12:22 PM	0	Active	12/16/2016		4/4/2017	CE		999	CLARK/COLES/CUMBERLAND ETC SCHOOL TRUSTEES	S 	90		
23306	0	0	HOLT	MARILYN	RICHLAND	False	517 B FOUNTAIN PLACE		OLNEY	IL	62450	12/16/2016 12:17 PM	0	Active	12/16/2016		4/4/2017	CE		999	CLAY/CRAWFOD/JASPER/LAWRENCE/RICHLAND - 4 YEAR TERM	S 	103		
23305	0	0	FARLEY	TRAVIS A.	JASPER	False	7360 E. 1000TH AVE.		NEWTON	IL	62448	12/16/2016 12:13 PM	0	Active	12/16/2016		4/4/2017	CE		999	CLAY/CRAWFOD/JASPER/LAWRENCE/RICHLAND	S 	100		
23304	0	0	JOHNSON	CHUCK	WINNEBAGO	False	7222 WARBLERS WAY		ROSCOE	IL	61073	12/16/2016 12:08 PM	0	Active	12/16/2016		4/4/2017	CE		999	BOONE/WINNEBAGO SCHOOL TRUSTEES - 2 YEAR TERM	S 	45		
23303	0	0	PARKER	ANNETTA	WINNEBAGO	False	182 MUIR DR.		LOVES PARK	IL	61111	12/16/2016 12:04 PM	0	Active	12/16/2016		4/4/2017	CE		999	BOONE/WINNEBAGO SCHOOL TRUSTEES	S 	40		
23302	0	0	REMER	CHARLENE	WINNEBAGO	False	11691 KELLEY RD		WINNEBAGO	IL	61088	12/16/2016 11:58 AM	0	Active	12/16/2016		4/4/2017	CE		999	BOONE/WINNEBAGO SCHOOL TRUSTEES	S 	40		
23301	0	0	TUTHILL	SHAWN	WILLIAMSON	False	11434 ROCK CREEK RD		PITTSBURG	IL	62974	12/16/2016 11:50 AM	0	Active	12/16/2016		4/4/2017	CE		999	FRANKLIN/JOHNSON/MASSAC/WILLIAMSON SCHOOL TRUSTEES	S 	140		
23300	0	0	ROGAN, SR.	DEAN L.	PULASKI	False	203 E COMMERCIAL STE. D.		PULASKI	IL	62976	12/16/2016 11:46 AM	0	Active	12/16/2016		4/4/2017	CE		999	ALEXANDER/JACKSON/PERRY/PULASKI/UNION SCHOOL TRUSTEES	S 	20		
23294	0	0	WIGHT	LELAND	KNOX	False	612 N. IL, RT. 180		WILLIAMSFIELD	IL	61489	12/15/2016 01:02 PM	0	Active	12/15/2016		4/4/2017	CE		999	HENDERSON/KNOX/MERCER/WARREN	S 	170		
23295	0	0	WINBIGLER	RICHARD	WARREN	False	509 E. 1ST AVE.		MONMOUTH	IL	61462	12/15/2016 01:01 PM	0	Active	12/15/2016		4/4/2017	CE		999	HENDERSON/KNOX/MERCER/WARREN	S 	170		
23296	0	0	PEIRCE	G. CHARLES	WARREN	False	1262 - 140TH AVE.		MONMOUTH	IL	61462	12/15/2016 01:00 PM	0	Active	12/15/2016		4/4/2017	CE		999	HENDERSON/KNOX/MERCER/WARREN	S 	170		
23297	0	0	LUTZ	RICHARD	HENDERSON	False	1622 WEST ST. HWY 94		BIGGSVILLE	IL	61418	12/15/2016 12:59 PM	0	Active	12/15/2016		4/4/2017	CE		999	HENDERSON/KNOX/MERCER/WARREN	S 	170		
23298	0	0	DE CRANE	DEBRA	KNOX	False	508 N. PENNSYLVANIA ST.		ABINGDON	IL	61410	12/15/2016 12:58 PM	0	Active	12/15/2016		4/4/2017	CE		999	HENDERSON/KNOX/MERCER/WARREN	S 	170		
23299	0	0	BUNCH	RODNEY	KNOX	False	1184 TAMARIND DR.		GALESBURG	IL	61401	12/15/2016 12:57 PM	0	Active	12/15/2016		4/4/2017	CE		999	HENDERSON/KNOX/MERCER/WARREN	S 	170		
23293	0	0	MILAM	LILLIAN	UNION	False	118 1/2 WILLIFOND RD.		JONESBORO	IL	62952	12/15/2016 12:49 PM	0	Active	12/15/2016		4/4/2017	CE		999	ALEXANDER/JACKSON/PERRY/PULASKI/UNION SCHOOL TRUSTEES	S 	20		
23292	0	0	BROOKS	THOMAS	OGLE	False	407 3RD AVENUE		FORRESTON	IL	61030	12/15/2016 12:20 PM	0	Active	12/15/2016		4/4/2017	CE		999	LEE/OGLE/WHITESIDE SCHOOL TRUSTEES	S 	200		
23291	0	0	SHANNON	CONNIE	LEE	False	389 CHICAGO RD.		PAW PAW	IL	61353	12/15/2016 12:19 PM	0	Active	12/15/2016		4/4/2017	CE		999	LEE/OGLE/WHITESIDE SCHOOL TRUSTEES	S 	200		
23290	0	0	NORMAN	JERRY	WHITESIDE	False	4171 STROPES ROAD		ERIE	IL	61250	12/15/2016 12:15 PM	0	Active	12/15/2016		4/4/2017	CE		999	LEE/OGLE/WHITESIDE SCHOOL TRUSTEES	S 	200		
23289	0	0	WAGENECHT	KYRAN	WHITESIDE	False	609 RITA COURT		PROPHETSTOWN	IL	61277	12/15/2016 12:10 PM	0	Active	12/15/2016		4/4/2017	CE		999	LEE/OGLE/WHITESIDE SCHOOL TRUSTEES	S 	200		
23288	0	0	EIMER	LAWRENCE L.	MENARD	False	28549 MIDDLETOWN		GREENVIEW	IL	62642	12/15/2016 10:30 AM	0	Active	12/15/2016		4/4/2017	CE		999	MENARD/SANGAMON SCHOOL TRUSTEES	S 	240		
23287	0	0	ALLEN	CHRISTOPHER S	MCHENRY	False	2425 WEST RIVERSIDE DRIVE		MCHENRY	IL	60050	12/14/2016 03:38 PM	0	Active	12/14/2016		4/4/2017	CE		999	FOX WATERWAY AGENCY - McHENRY COUNTY	T 	30		ffreak1@aol.com
23286	0	0	REIMAN	MICHAEL	JACKSON	False	148 PINEVIEW DR.		MAKANDA	IL	62958	12/14/2016 01:50 PM	0	Active	12/14/2016		4/4/2017	CE		999	ALEXANDER/JACKSON/PERRY/PULASKI/UNION SCHOOL TRUSTEES	S 	20		
23285	0	0	HOUSTON	LARRY	ALEXANDER	False	715 RAILROAD ST.		TAMMS	IL	62988	12/14/2016 01:47 PM	0	Active	12/14/2016		4/4/2017	CE		999	ALEXANDER/JACKSON/PERRY/PULASKI/UNION SCHOOL TRUSTEES	S 	20		
23284	0	0	BONIFIELD	GENEVA ELAINE	UNION	False	785 MT. HEBRON ROAD		MAKANDA	IL	62958	12/14/2016 01:42 PM	0	Active	12/14/2016		4/4/2017	CE		999	ALEXANDER/JACKSON/PERRY/PULASKI/UNION SCHOOL TRUSTEES	S 	20		
23283	0	0	EBERS	DENISE	RANDOLPH	False	8681 BODECKER ROAD		WALSH	IL	62297	12/14/2016 01:36 PM	0	Active	12/14/2016		4/4/2017	CE		999	MONROE/RANDOLPH SCHOOL TRUSTEES	S 	250		
23282	0	0	LORENZ	VERLIN	RANDOLPH	False	10942 SUBSTATION ROAD		STEELEVILLE	IL	62288	12/14/2016 01:32 PM	0	Active	12/14/2016		4/4/2017	CE		999	MONROE/RANDOLPH SCHOOL TRUSTEES	S 	250		
23281	0	0	DUTTON	SUZANNE	HARDIN	False	512 MAIN		ROSICLAIRE	IL	62982	12/14/2016 01:25 PM	0	Active	12/14/2016		4/4/2017	CE		999	EDWARDS/GALLATIN/HAMILTON ETC SCHOOL TRUSTEES	S 	130		
23280	0	0	ABELL	PATRICK	GALLATIN	False	310 S. KIMBRO ST		RIDWAY	IL	62979	12/14/2016 01:21 PM	0	Active	12/14/2016		4/4/2017	CE		999	EDWARDS/GALLATIN/HAMILTON ETC SCHOOL TRUSTEES	S 	130		
23279	0	0	SCATES	TIM	WHITE	False	202 STEWART ST.		CARMI	IL	62821	12/14/2016 01:18 PM	0	Active	12/14/2016		4/4/2017	CE		999	EDWARDS/GALLATIN/HAMILTON ETC SCHOOL TRUSTEES	S 	130		
23278	0	0	BLESSING	FRED	WAYNE	False	18499 CR 1220 N		FAIRFIELD	IL	62837	12/14/2016 01:14 PM	0	Active	12/14/2016		4/4/2017	CE		999	EDWARDS/GALLATIN/HAMILTON ETC SCHOOL TRUSTEES	S 	130		
23277	0	0	METCALF	JOHN	HAMILTON	False	2107 S HILLSIDE LANE		MCLEANSBORO	IL	62859	12/14/2016 01:08 PM	0	Active	12/14/2016		4/4/2017	CE		999	EDWARDS/GALLATIN/HAMILTON ETC SCHOOL TRUSTEES	S 	130		
23276	0	0	OYLER	"LESLIE ""LES"""	SALINE	False	1005 SHAWNEE HILLS ROAD		HARRISBURG	IL	62946	12/14/2016 12:56 PM	0	Active	12/14/2016		4/4/2017	CE		999	EDWARDS/GALLATIN/HAMILTON ETC SCHOOL TRUSTEES	S 	130		
23275	0	0	PETERSON	LARRY E	WABASH	False	909 11TH AVENUE		MT CARMEL	IL	62863	12/14/2016 12:49 PM	0	Active	12/14/2016		4/4/2017	CE		999	EDWARDS/GALLATIN/HAMILTON ETC SCHOOL TRUSTEES	S 	130		
23274	0	0	SEE	SUZANNE	PIATT	False	1007 SURREY RD		MONTICELLO	IL	61856	12/14/2016 11:41 AM	0	Active	12/14/2016		4/4/2017	CE		999	MACON/PIATT	S 	210		
23273	0	0	WELLS	ROBERT	PIATT	False	748 S. CHAMPAIGN ST.		BEMENT	IL	61813	12/14/2016 11:38 AM	0	Active	12/14/2016		4/4/2017	CE		999	MACON/PIATT	S 	210		
23272	0	0	LEONARD JR	EDWARD	MACON	False	10595 MACON STREET RD		HARRISTOWN	IL	62551	12/14/2016 11:33 AM	0	Active	12/14/2016		4/4/2017	CE		999	MACON/PIATT	S 	210		
23271	0	0	BENNETT	LAWRENCE	MACON	False	9122 ARGENTA RD.		WHITMORE	IL	62501	12/14/2016 11:29 AM	0	Active	12/14/2016		4/4/2017	CE		999	MACON/PIATT	S 	210		
23270	0	0	ZIMMERMAN	BARBARA A.	MCDONOUGH	False	2090 N 800TH RD		TENESSEE	IL	62374	12/14/2016 11:18 AM	0	Active	12/14/2016		4/4/2017	CE		999	FULTON/HANCOCK/MCDONOUGH/SCHUYLER SCHOOL TRUSTEES	S 	150		
23269	0	0	WILSON	FRANCIS	SCHUYLER	False	#8 FRANCES DR		RUSHVILLE	IL	62681	12/14/2016 11:16 AM	0	Active	12/14/2016		4/4/2017	CE		999	FULTON/HANCOCK/MCDONOUGH/SCHUYLER SCHOOL TRUSTEES	S 	150		
23268	0	0	WHITE	GERALD	MCDONOUGH	False	3515 N. 600TH RD		COLCHESTER	IL	62326	12/14/2016 11:13 AM	0	Active	12/14/2016		4/4/2017	CE		999	FULTON/HANCOCK/MCDONOUGH/SCHUYLER SCHOOL TRUSTEES	S 	150		
23267	0	0	WALKER	GERALD	HANCOCK	False	2390 N. CO. RD. 1300		NIOTA	IL	62358	12/14/2016 11:11 AM	0	Active	12/14/2016		4/4/2017	CE		999	FULTON/HANCOCK/MCDONOUGH/SCHUYLER SCHOOL TRUSTEES	S 	150		
23266	0	0	FLEMING	CHARLES E.	FULTON	False	316 N. 9TH STREET		FULTON	IL	61427	12/14/2016 11:09 AM	0	Active	12/14/2016		4/4/2017	CE		999	FULTON/HANCOCK/MCDONOUGH/SCHUYLER SCHOOL TRUSTEES	S 	150		
23265	0	0	BAIR	SALLY S.	FULTON	False	303 W. SOUTH ST.		ASTORIA	IL	61501	12/14/2016 11:01 AM	0	Active	12/14/2016		4/4/2017	CE		999	FULTON/HANCOCK/MCDONOUGH/SCHUYLER SCHOOL TRUSTEES	S 	150		
23264	0	0	HORTIN	MICHAEL	MACON	False	6695 MCKINLEY RD		DECATUR	IL	62526	12/14/2016 10:20 AM	0	Withdrawn	12/19/2016		4/4/2017	CE		999	MACON/PIATT	S 	210		
23263	0	0	SPARKMAN	SARA	TAZEWELL	False	104 PAR 3 LANE		EAST PEORIA	IL	61611	12/14/2016 10:09 AM	0	Active	12/14/2016		4/4/2017	CE		999	MASON/TAZEWELL/WOODFORD SCHOOL TRUSTEES	S 	220		
23262	0	0	ORR	DIANE M.	TAZEWELL	False	104 S. PINE ST.		WASHINGTON	IL	61571	12/14/2016 10:06 AM	0	Active	12/14/2016		4/4/2017	CE		999	MASON/TAZEWELL/WOODFORD SCHOOL TRUSTEES	S 	220		
23261	0	0	FUOSS	J. MICHAEL	TAZEWELL	False	1406 DOWNING CT		TREMONT	IL	61568	12/14/2016 10:03 AM	0	Active	12/14/2016		4/4/2017	CE		999	MASON/TAZEWELL/WOODFORD SCHOOL TRUSTEES	S 	220		
23260	0	0	KNEPP	ROBERT	WOODFORD	False	103 N. SIXTH ST.		ROANOKE	IL	61561	12/14/2016 10:00 AM	0	Active	12/14/2016		4/4/2017	CE		999	MASON/TAZEWELL/WOODFORD SCHOOL TRUSTEES	S 	220		
23259	0	0	LACEY	JUDY RICHARDSON	MASON	False	302 S JEFFERSON		MANITO	IL	61546	12/14/2016 09:57 AM	0	Active	12/14/2016		4/4/2017	CE		999	MASON/TAZEWELL/WOODFORD SCHOOL TRUSTEES	S 	220		
23258	0	0	KRILE	KURT R.	WOODFORD	False	801 CURTIS COURT		EUREKA	IL	61530	12/14/2016 09:51 AM	0	Active	12/14/2016		4/4/2017	CE		999	MASON/TAZEWELL/WOODFORD SCHOOL TRUSTEES	S 	220		
23257	0	0	WALTON	C DUANE	CHAMPAIGN	False	783 CR 700 N		TOLONO	IL	61880	12/13/2016 01:55 PM	0	Active	12/13/2016		4/4/2017	CE		999	CHAMPAIGN/FORD SCHOOL TRUSTEES	S 	80		
23256	0	0	FINK	SARABESS	CHAMPAIGN	False	2813 C.R. 600 E		FISHER	IL	61843	12/13/2016 01:54 PM	0	Active	12/13/2016		4/4/2017	CE		999	CHAMPAIGN/FORD SCHOOL TRUSTEES	S 	80		
23255	0	0	JOHNSON	SCOTT	IROQUOIS	False	2563 E. 1750 N. RD		SHELDON	IL	60966	12/13/2016 01:52 PM	0	Active	12/13/2016		4/4/2017	CE		999	IROQUOIS/KANKAKEE SCHOOL TRUSTEES	S 	180		
23254	0	0	RUSSERT	DAWN	KANKAKEE	False	1166 N. WESTSHORE BLVD.		MANTENO	IL	60950	12/13/2016 01:51 PM	0	Active	12/13/2016		4/4/2017	CE		999	IROQUOIS/KANKAKEE SCHOOL TRUSTEES	S 	180		
23252	0	0	GOSS	DAVID E.	FRANKLIN	False	21695 EWING ROAD		MACEDONIA	IL	62860-1001	12/13/2016 12:33 PM	0	Active	12/13/2016		4/4/2017	CE		999	FRANKLIN/JOHNSON/MASSAC/WILLIAMSON SCHOOL TRUSTEES	S 	140		
23251	0	0	PFISTER	ROGER	JACKSON	False	144 FAIRWAY VISTA RD		MURPHYSBORO	IL	62966	12/13/2016 12:19 PM	0	Active	12/13/2016		4/4/2017	CE		999	ALEXANDER/JACKSON/PERRY/PULASKI/UNION SCHOOL TRUSTEES	S 	20		
23253	0	0	BLAKE	WAYNE D		False	41040 N RIDGE CIRCLE		ANTIOCH	IL	60002	12/13/2016 12:14 PM	0	Active	12/13/2016		4/4/2017	CE		999	FOX WATERWAY AGENCY - CHAIRMAN	T 	10		
23250	0	0	LEHMAN	WESLEY D.	WILLIAMSON	False	1305 SHAWNEE TRL		CARTERVILLE	IL	62918	12/13/2016 12:13 PM	0	Active	12/13/2016		4/4/2017	CE		999	FRANKLIN/JOHNSON/MASSAC/WILLIAMSON SCHOOL TRUSTEES	S 	140		
23249	0	0	PARKER	LOUIS I.	JOHNSON	False	465 GRAY LOOP		SIMPSON	IL	62985	12/13/2016 12:09 PM	0	Active	12/13/2016		4/4/2017	CE		999	FRANKLIN/JOHNSON/MASSAC/WILLIAMSON SCHOOL TRUSTEES	S 	140		
23248	0	0	HALING	CHARLES E.		False	39736 N PEARL ST		ANTIOCH	IL	60002	12/13/2016 11:58 AM	0	Active	12/13/2016		4/4/2017	CE		999	FOX WATERWAY AGENCY - LAKE COUNTY	T 	20		
23247	0	0	LOGUE	EUGENE A.	EFFINGHAM	False	2465 EAST US HIGHWAY 40		ALTAMONT	IL	62411	12/13/2016 11:51 AM	0	Active	12/13/2016		4/4/2017	CE		999	BOND/CHRISTIAN/EFFINGHAM ETC SCHOOL TRUSTEES	S 	30		
23246	0	0	BAYLES	ABBY	FAYETTE	False	1914 PRAIRIE LANE		VANDALIA	IL	62471	12/13/2016 11:49 AM	0	Active	12/13/2016		4/4/2017	CE		999	BOND/CHRISTIAN/EFFINGHAM ETC SCHOOL TRUSTEES	S 	30		
23245	0	0	VIEREGGE	JD	FAYETTE	False	2618 EAST FORK DRIVE		VANDALIA	IL	62471	12/13/2016 11:46 AM	0	Active	12/13/2016		4/4/2017	CE		999	BOND/CHRISTIAN/EFFINGHAM ETC SCHOOL TRUSTEES	S 	30		
23244	0	0	RICE	JIMMIE	BOND	False	214 S. 1ST STREET		GREENVILLE	IL	62246	12/13/2016 11:41 AM	0	Active	12/13/2016		4/4/2017	CE		999	BOND/CHRISTIAN/EFFINGHAM ETC SCHOOL TRUSTEES	S 	30		
23243	0	0	HADFIELD	RICHARD M.	SANGAMON	False	352 SEBRING ROAD		SPRINGFIELD	IL	62707	12/13/2016 10:17 AM	0	Active	12/13/2016		4/4/2017	CE		999	MENARD/SANGAMON SCHOOL TRUSTEES	S 	240		
23242	0	0	BROWN	NORMA	MCLEAN	False	2218 WOODFIELD ROAD		BLOOMINGTON	IL	61704	12/13/2016 09:56 AM	0	Active	12/13/2016		4/4/2017	CE		999	DEWITT/LIVINGSTON/LOGAN/MCLEAN	S 	120		
23241	0	0	MEINERSHAGEN	ROBERT	LOGAN	False	5 MEADOW LANE		LINCOLN	IL	62656	12/13/2016 09:54 AM	0	Active	12/13/2016		4/4/2017	CE		999	DEWITT/LIVINGSTON/LOGAN/MCLEAN	S 	120		
23240	0	0	WARE	CHRISTOPHER D.	DEWITT	False	621 WEST LEANDER		CLINTON	IL	61727	12/13/2016 09:50 AM	0	Active	12/13/2016		4/4/2017	CE		999	DEWITT/LIVINGSTON/LOGAN/MCLEAN	S 	120		
23239	0	0	SCRANTON	DELBERT	PIKE	False	317 SOUTH JACKSON		PITTSFIELD	IL	62363	12/12/2016 03:45 PM	0	Active	12/12/2016		4/4/2017	CE		999	ADAMS/BROWN/CASS/MORGAN/PIKE/SCOTT SCHOOL TRUSTEES	S 	10		
23238	0	0	WILSON	R. VAN	BROWN	False	1020 945E ST		MT. STERLING	IL	62353	12/12/2016 03:43 PM	0	Active	12/12/2016		4/4/2017	CE		999	ADAMS/BROWN/CASS/MORGAN/PIKE/SCOTT SCHOOL TRUSTEES	S 	10		
23237	0	0	LAPE	KEITH R.	MORGAN	False	20 NOB HILL DRIVE		JACKSONVILLE	IL	62650	12/12/2016 03:38 PM	0	Active	12/12/2016		4/4/2017	CE		999	ADAMS/BROWN/CASS/MORGAN/PIKE/SCOTT SCHOOL TRUSTEES	S 	10		
23236	0	0	ROBBINS	GERALD	ADAMS	False	1221 SPRINGDALE N.		QUINCY	IL	62305	12/12/2016 03:37 PM	0	Active	12/12/2016		4/4/2017	CE		999	ADAMS/BROWN/CASS/MORGAN/PIKE/SCOTT SCHOOL TRUSTEES	S 	10		
23235	0	0	SCOTT	DON	CHRISTIAN	False	1126 W. COAL ST.	P.O. BOX 771	TAYLORVILLE	IL	62568	12/12/2016 02:21 PM	0	Active	12/12/2016		4/4/2017	CE		999	BOND/CHRISTIAN/EFFINGHAM ETC SCHOOL TRUSTEES	S 	30		
23234	0	0	GARRISON	VICKY	LASALLE	False	3102 E 14TH RD.		OTTAWA	IL	61350	12/12/2016 02:01 PM	0	Active	12/12/2016		4/4/2017	CE		999	LASALLE/MARSHALL/PUTNAM SCHOOL TRUSTEES	S 	190		
23233	0	0	RENO	KATHLEEN	PUTNAM	False	113 8TH STREET		STANDARD	IL	61363	12/12/2016 01:59 PM	0	Active	12/12/2016		4/4/2017	CE		999	LASALLE/MARSHALL/PUTNAM SCHOOL TRUSTEES	S 	190		
23232	0	0	GLASCOCK	JOHN	LASALLE	False	1304 N 18TH ROAD		STREATOR	IL	61364	12/12/2016 01:54 PM	0	Active	12/12/2016		4/4/2017	CE		999	LASALLE/MARSHALL/PUTNAM SCHOOL TRUSTEES	S 	190		
23231	0	0	WALKER	LARRY	LASALLE	False	2611 N 2739 ROAD		MARSEILLES	IL	61341	12/12/2016 01:51 PM	0	Active	12/12/2016		4/4/2017	CE		999	LASALLE/MARSHALL/PUTNAM SCHOOL TRUSTEES	S 	190		
23230	0	0	VOGEL	LLOYD	LASALLE	False	2107 E 875TH ROAD		TONICA	IL	61370	12/12/2016 01:50 PM	0	Active	12/12/2016		4/4/2017	CE		999	LASALLE/MARSHALL/PUTNAM SCHOOL TRUSTEES	S 	190		
23229	0	0	BAZYN	RICHARD	MARSHALL	False	1318 WESTERN ROAD		HENRY	IL	61537	12/12/2016 01:49 PM	0	Active	12/12/2016		4/4/2017	CE		999	LASALLE/MARSHALL/PUTNAM SCHOOL TRUSTEES	S 	190		
23228	0	0	DAVIS	M. PATRICK	MENARD	False	10901 REICHART AVE.		TALLULA	IL	62688	12/12/2016 01:45 PM	0	Active	12/12/2016		4/4/2017	CE		999	MENARD/SANGAMON SCHOOL TRUSTEES	S 	240		
23227	0	0	SEIFERT	TIMOTHY E	SANGAMON	False	6600 AUBURN RD		AUBURN	IL	62615	12/12/2016 01:34 PM	0	Active	12/12/2016		4/4/2017	CE		999	MENARD/SANGAMON SCHOOL TRUSTEES	S 	240		
23225	0	0	LEO	DENNIS R.		False	710 COUNTRY CLUB DR.		MCHENRY	IL	60050	12/12/2016 12:17 PM	0	Active	12/12/2016		4/4/2017	CE		999	FOX WATERWAY AGENCY - McHENRY COUNTY	T 	30		
23224	0	0	HANFORD	JEFF	GRUNDY	False	2255 DWIGHT ROAD		MORRIS	IL	60450	12/12/2016 10:47 AM	0	Active	12/12/2016		4/4/2017	CE		999	GRUNDY/KENDALL SCHOOL TRUSTEES	S 	160		
23223	0	0	ISAACSON	CHRISTY L.	BUREAU	False	457 W. BOYD AVE.		PRINCETON	IL	61356	12/12/2016 10:42 AM	0	Active	12/12/2016		4/4/2017	CE		999	BUREAU/HENRY/STARK SCHOOL TRUSTEES	S 	50		
23222	0	0	FLYNN	STEVEN R.	SANGAMON	False	405 BERLIN RD		NEW BERLIN	IL	62670	12/12/2016 08:17 AM	0	Active	12/12/2016		4/4/2017	CE		999	MENARD/SANGAMON SCHOOL TRUSTEES	S 	240		
23226	0	0	SHIELDS	MICHAEL W.		False	26208 W. HICKORY LN		INGLESIDE	IL	60041	12/12/2016 08:00 AM	0	Active	12/12/2016		4/4/2017	CE		999	FOX WATERWAY AGENCY - LAKE COUNTY	T 	20		
